Roger Norton,SA100,Roger.Norton,2bb80d537b1da3e38bd30361aa855686bde0eacd7162fef6a25fe97bf527a25b,SuperAdmin
Lena Powers,SA200,Lena.Powers,49ff03f2a4a6cca4187957d40f7433254bc1b7337f3b184b29dd20031937946f,SuperAdmin
Alice Monroe,AD300,Alice.Monroe,21c0f1f1beb75d904c5ba3b332fb4b256f78d76a5d9846089692a0b51959427b,Administrator
Bruce Wayne,AD400,Bruce.Wayne,81b027c8f2a486613cb4c09ae93f0f2a923f0e1fd541f034fc65a402a763c591,Administrator
Tom Baker,T500,Tom.Baker,98110b3751a880fcddf64daa55695917ae61740e126e38a17043f6a1cfa4b9ff,Teacher
Linda Nash,T600,Linda.Nash,eeca272ccd2fdb8f7ccd58fd035d72d349135181db6fce11ff3b255438fc7e71,Teacher
Carlos Diaz,T700,Carlos.Diaz,c840d4b5717b418c0a0e9378720ea39ff4a51b48566a7e14a7107a50d676b8a8,Teacher
Nina Hall,T800,Nina.Hall,a67b97fe8dddfe52fc70d5aa3e610b713ddd979d6a358b8fe41f59dcc2402163,Teacher
Jake Long,S900,Jake.Long,e6c3da5b206634d7f3f3586d747ffdb36b5c675757b380c6a5fe5c570c714349,Student
Mia Chen,S901,Mia.Chen,d2d6b82d8dad2573187357ac506b45604d2796e9aa49b308781e417f0871cb73,Student
Omar Lee,S902,Omar.Lee,3acb59306ef6e660cf832d1d34c4fba3d88d616f0bb5c2a9e0f82d18ef6fc167,Student
Sara Kim,S903,Sara.Kim,a417b5dc3d06d15d91c6687e27fc1705ebc56b3b2d813abe03066e5643fe4e74,Student
Leo Tran,S904,Leo.Tran,0eeac8171768d0cdef3a20fee6db4362d019c91e10662a6b55186336e1a42778,Student
Nora Vance,S905,Nora.Vance,5c4950c94a3461441c356afa783f76b83b38fd65f730f291403efbcc798acc1f,Student
Zane Cruz,S906,Zane.Cruz,1526f5e0e31d42fe1c3664ce923ac22ac1333417a90b32043797ac454cd03112,Student
Tina Fox,S907,Tina.Fox,c8fea5b0b76dc690feaf5544749f99b40e78e2a37c0e867a086696509416302a,Student
